acquisition,configuration,seed,condition,checkpoint_sha256,n_samples,map,map_50,map_75,map_small,map_medium,map_large,mar_1,mar_10,mar_100
carnation_0025_0026,historical_additive,40,vis_ir,6ba15c08d2687aaf78457fcb14631ecbd793892b33dfec1f451c34a15090b105,1313,0.1249290481209755,0.40432292222976685,0.04252397269010544,0.1249290481209755,-1.0,-1.0,0.05941198766231537,0.2841733396053314,0.35423827171325684
carnation_0025_0026,historical_additive,41,vis_ir,f77123085e68ed55bec4ee2c36ef23727e5823238a80f0b4190c351d9d22f4cf,1313,0.13416361808776855,0.43668919801712036,0.04088030382990837,0.13416361808776855,-1.0,-1.0,0.07100038230419159,0.29858723282814026,0.348033607006073
carnation_0025_0026,historical_additive,42,vis_ir,4a944ee64cc1279f2f30124fb882a4bdad62e0f5ac4d73d318cadc9df1002dc7,1313,0.07382704317569733,0.2719195485115051,0.016295045614242554,0.07382704317569733,-1.0,-1.0,0.045952655375003815,0.24234440922737122,0.27101945877075195
carnation_0025_0026,historical_additive,43,vis_ir,65f83dbeab40096434b7d5a80a5af24bd681f6054ade4aa28ea1bd30ddc7f746,1313,0.1585935354232788,0.4920438230037689,0.0571913942694664,0.1585935354232788,-1.0,-1.0,0.07457044720649719,0.33749523758888245,0.37770140171051025
carnation_0025_0026,historical_additive,44,vis_ir,fd46e18899cadec44272723306848d742aba4715474cd3789c6951c8e6afef20,1313,0.10470553487539291,0.3673610985279083,0.02745356783270836,0.10470553487539291,-1.0,-1.0,0.06273386627435684,0.28258877992630005,0.3172585070133209
carnation_0025_0026,historical_fam,40,vis_ir,c77d749c30ed5872c0c81a96c4d64f9ebf7912208b16c964c2f0405732dda13a,1313,0.16207796335220337,0.49706488847732544,0.055661577731370926,0.16207796335220337,-1.0,-1.0,0.07714776694774628,0.34140893816947937,0.3859488368034363
carnation_0025_0026,historical_fam,41,vis_ir,5fcafd3a5b197456a39bde55b1e1d5a5c1639b5cf4f67bf1ad57dd763e241640,1313,0.18717139959335327,0.5554907321929932,0.07462850213050842,0.18717139959335327,-1.0,-1.0,0.08245513588190079,0.35208094120025635,0.3798205554485321
carnation_0025_0026,historical_fam,42,vis_ir,b96ef8496088911d50d03a6061fe625cec8e17b17a4f1245a49b5b43e3703497,1313,0.1357770562171936,0.44544774293899536,0.03819439560174942,0.1357770562171936,-1.0,-1.0,0.06496754288673401,0.2864452004432678,0.34560900926589966
carnation_0025_0026,historical_fam,43,vis_ir,f6407afe0d781eb5c227e46611243d67385f1fc06010d4704f51ac5e8d0ac536,1313,0.15368174016475677,0.5012507438659668,0.04628657177090645,0.15368174016475677,-1.0,-1.0,0.06926307827234268,0.3133257031440735,0.36017563939094543
carnation_0025_0026,historical_fam,44,vis_ir,2fec1971b28c88cfccb2356de81270c5a75a15082daee435a77eaf0694b98e3e,1313,0.13501442968845367,0.4530378580093384,0.04268423467874527,0.13501442968845367,-1.0,-1.0,0.06697212904691696,0.30788469314575195,0.3349370062351227
carnation_0025_0026,stage_b_fam,40,vis,66217fac6c64144c444230bcdec4368b7b87e3fde2ebe983330b986452901c8d,1313,0.15489602088928223,0.47905051708221436,0.057615287601947784,0.15489602088928223,-1.0,-1.0,0.07254677265882492,0.3241695165634155,0.33953797817230225
carnation_0025_0026,stage_b_fam,40,vis_ir,66217fac6c64144c444230bcdec4368b7b87e3fde2ebe983330b986452901c8d,1313,0.1634773313999176,0.4969382882118225,0.06295017153024673,0.1634773313999176,-1.0,-1.0,0.0742458924651146,0.3302214443683624,0.35521191358566284
carnation_0025_0026,stage_b_fam,41,vis,4689cc606e8f91627c0867355739f90d2bc4a4932cecc78533f7b4dee6a09a81,1313,0.1055462658405304,0.36914780735969543,0.02585306018590927,0.1055462658405304,-1.0,-1.0,0.05026727914810181,0.22176402807235718,0.27793049812316895
carnation_0025_0026,stage_b_fam,41,vis_ir,4689cc606e8f91627c0867355739f90d2bc4a4932cecc78533f7b4dee6a09a81,1313,0.12690523266792297,0.4252031147480011,0.03617880493402481,0.12690523266792297,-1.0,-1.0,0.05799923464655876,0.26735395193099976,0.3351660966873169
carnation_0025_0026,stage_b_fam,42,vis,c305e9d97b98e586351246127e43b49e9fc5a73f59508d6d314f4f0f1a6ad9a3,1313,0.1584455817937851,0.5080044269561768,0.053888432681560516,0.1584455817937851,-1.0,-1.0,0.07485681772232056,0.32670867443084717,0.3461626470088959
carnation_0025_0026,stage_b_fam,42,vis_ir,c305e9d97b98e586351246127e43b49e9fc5a73f59508d6d314f4f0f1a6ad9a3,1313,0.15124964714050293,0.49234092235565186,0.04997808486223221,0.15124964714050293,-1.0,-1.0,0.07411225885152817,0.318403959274292,0.34894996881484985
carnation_0025_0026,stage_b_fam,43,vis,6b643ad11b2c693d07bd46b19f2a2acfdabb619a693dc67bc09027a66e436a65,1313,0.13435718417167664,0.45304903388023376,0.03996096923947334,0.13435718417167664,-1.0,-1.0,0.06806033104658127,0.29956090450286865,0.3268423080444336
carnation_0025_0026,stage_b_fam,43,vis_ir,6b643ad11b2c693d07bd46b19f2a2acfdabb619a693dc67bc09027a66e436a65,1313,0.12354373186826706,0.40049245953559875,0.03936316445469856,0.12354373186826706,-1.0,-1.0,0.06649484485387802,0.2941007912158966,0.32911416888237
carnation_0025_0026,stage_b_fam,44,vis,0e89d6568c75de2c55149b178718ff8789cd8f2a1e43456974fa257750ce9b85,1313,0.11163026094436646,0.34896373748779297,0.037033792585134506,0.11163026094436646,-1.0,-1.0,0.06458572298288345,0.29849177598953247,0.3215349316596985
carnation_0025_0026,stage_b_fam,44,vis_ir,0e89d6568c75de2c55149b178718ff8789cd8f2a1e43456974fa257750ce9b85,1313,0.11193999648094177,0.35282111167907715,0.03924166411161423,0.11193999648094177,-1.0,-1.0,0.06905307620763779,0.2889079749584198,0.30366551876068115
carnation_0025_0026,stage_b_rcra,40,vis_ir,304bb429c36adc87fa4f3512f8eca588fe657792455b8254e2bb1fea0002e2fd,1313,0.1347908228635788,0.4180785119533539,0.04508259519934654,0.1347908228635788,-1.0,-1.0,0.07210767269134521,0.3255631923675537,0.3529018759727478
carnation_0025_0026,stage_b_rcra,41,vis_ir,e3f8e8af6223862f8ffe6ea0015591efd716c019300c7670040f67fad6ba3519,1313,0.160965695977211,0.5018120408058167,0.05603170767426491,0.160965695977211,-1.0,-1.0,0.07302405685186386,0.3101756274700165,0.33524245023727417
carnation_0025_0026,stage_b_rcra,42,vis_ir,177bf17ec9f3d77aa90c200e4e2bea899141d3eaa61df63662f3777760258101,1313,0.15031732618808746,0.462533563375473,0.05184893310070038,0.15031732618808746,-1.0,-1.0,0.06527300179004669,0.31880488991737366,0.3340587913990021
carnation_0025_0026,stage_b_rcra,43,vis_ir,bff3756eca0f76f3df37a5a8b90e5d62dc8ea408e30cb597e5944da40b234a41,1313,0.0647357776761055,0.22951796650886536,0.015152780339121819,0.0647357776761055,-1.0,-1.0,0.035414278507232666,0.15666285157203674,0.17959144711494446
carnation_0025_0026,stage_b_rcra,44,vis_ir,604eb7ee24f2118ff6c850cf168ad3002cdf7d56ada427479ce73d0ea67d7a0e,1313,0.1445554494857788,0.46366697549819946,0.04871270805597305,0.1445554494857788,-1.0,-1.0,0.0741504356265068,0.3372279405593872,0.36063382029533386
fhl_0407_0408,historical_additive,40,vis_ir,6ba15c08d2687aaf78457fcb14631ecbd793892b33dfec1f451c34a15090b105,1035,0.08999904245138168,0.24956393241882324,0.035110604017972946,0.08999904245138168,-1.0,-1.0,0.09732937812805176,0.26275965571403503,0.3262116611003876
fhl_0407_0408,historical_additive,41,vis_ir,f77123085e68ed55bec4ee2c36ef23727e5823238a80f0b4190c351d9d22f4cf,1035,0.12211628258228302,0.3624364733695984,0.04124229773879051,0.12211628258228302,-1.0,-1.0,0.09678535908460617,0.30924826860427856,0.3855094015598297
fhl_0407_0408,historical_additive,42,vis_ir,4a944ee64cc1279f2f30124fb882a4bdad62e0f5ac4d73d318cadc9df1002dc7,1035,0.1020946353673935,0.321290522813797,0.03837740793824196,0.1020946353673935,-1.0,-1.0,0.10059347003698349,0.28125616908073425,0.3212166130542755
fhl_0407_0408,historical_additive,43,vis_ir,65f83dbeab40096434b7d5a80a5af24bd681f6054ade4aa28ea1bd30ddc7f746,1035,0.15183402597904205,0.3847464323043823,0.09308810532093048,0.15183402597904205,-1.0,-1.0,0.12878338992595673,0.3229970335960388,0.39025717973709106
fhl_0407_0408,historical_additive,44,vis_ir,fd46e18899cadec44272723306848d742aba4715474cd3789c6951c8e6afef20,1035,0.05297234654426575,0.15828725695610046,0.018151694908738136,0.05297234654426575,-1.0,-1.0,0.059841740876436234,0.21463897824287415,0.26424333453178406
fhl_0407_0408,historical_fam,40,vis_ir,c77d749c30ed5872c0c81a96c4d64f9ebf7912208b16c964c2f0405732dda13a,1035,0.19121405482292175,0.49615317583084106,0.10207483172416687,0.19121405482292175,-1.0,-1.0,0.13907022774219513,0.3529179096221924,0.41676557064056396
fhl_0407_0408,historical_fam,41,vis_ir,5fcafd3a5b197456a39bde55b1e1d5a5c1639b5cf4f67bf1ad57dd763e241640,1035,0.1549980491399765,0.4150056540966034,0.07702504098415375,0.1549980491399765,-1.0,-1.0,0.12670622766017914,0.345598429441452,0.39727991819381714
fhl_0407_0408,historical_fam,42,vis_ir,b96ef8496088911d50d03a6061fe625cec8e17b17a4f1245a49b5b43e3703497,1035,0.16503553092479706,0.44089651107788086,0.07297537475824356,0.16503553092479706,-1.0,-1.0,0.12517309188842773,0.35509395599365234,0.4230959415435791
fhl_0407_0408,historical_fam,43,vis_ir,f6407afe0d781eb5c227e46611243d67385f1fc06010d4704f51ac5e8d0ac536,1035,0.19673676788806915,0.4873034656047821,0.10802637040615082,0.19673676788806915,-1.0,-1.0,0.1411968320608139,0.3848170042037964,0.45049455761909485
fhl_0407_0408,historical_fam,44,vis_ir,2fec1971b28c88cfccb2356de81270c5a75a15082daee435a77eaf0694b98e3e,1035,0.1702612191438675,0.4140278398990631,0.09295658767223358,0.1702612191438675,-1.0,-1.0,0.13516320288181305,0.3585558831691742,0.41271018981933594
fhl_0407_0408,stage_b_fam,40,vis,66217fac6c64144c444230bcdec4368b7b87e3fde2ebe983330b986452901c8d,1035,0.218038409948349,0.5333200693130493,0.12997326254844666,0.218038409948349,-1.0,-1.0,0.16251236200332642,0.3772996962070465,0.405885249376297
fhl_0407_0408,stage_b_fam,40,vis_ir,66217fac6c64144c444230bcdec4368b7b87e3fde2ebe983330b986452901c8d,1035,0.21368911862373352,0.5351213216781616,0.122423455119133,0.21368911862373352,-1.0,-1.0,0.15415430068969727,0.37893176078796387,0.41449061036109924
fhl_0407_0408,stage_b_fam,41,vis,4689cc606e8f91627c0867355739f90d2bc4a4932cecc78533f7b4dee6a09a81,1035,0.1836998164653778,0.49322813749313354,0.09509415179491043,0.1836998164653778,-1.0,-1.0,0.13224530220031738,0.35558852553367615,0.4099406599998474
fhl_0407_0408,stage_b_fam,41,vis_ir,4689cc606e8f91627c0867355739f90d2bc4a4932cecc78533f7b4dee6a09a81,1035,0.1704154908657074,0.4543400704860687,0.07889197766780853,0.1704154908657074,-1.0,-1.0,0.13328388333320618,0.34480711817741394,0.4220573604106903
fhl_0407_0408,stage_b_fam,42,vis,c305e9d97b98e586351246127e43b49e9fc5a73f59508d6d314f4f0f1a6ad9a3,1035,0.08604642748832703,0.2674529254436493,0.02731451205909252,0.08604642748832703,-1.0,-1.0,0.08961424231529236,0.22828882932662964,0.2965875267982483
fhl_0407_0408,stage_b_fam,42,vis_ir,c305e9d97b98e586351246127e43b49e9fc5a73f59508d6d314f4f0f1a6ad9a3,1035,0.07055126875638962,0.22954361140727997,0.021095572039484978,0.07055126875638962,-1.0,-1.0,0.07987141609191895,0.20098911225795746,0.26988130807876587
fhl_0407_0408,stage_b_fam,43,vis,6b643ad11b2c693d07bd46b19f2a2acfdabb619a693dc67bc09027a66e436a65,1035,0.17415665090084076,0.42117172479629517,0.11146995425224304,0.17415665090084076,-1.0,-1.0,0.13971315324306488,0.32517310976982117,0.37200790643692017
fhl_0407_0408,stage_b_fam,43,vis_ir,6b643ad11b2c693d07bd46b19f2a2acfdabb619a693dc67bc09027a66e436a65,1035,0.16019661724567413,0.38838112354278564,0.1007460281252861,0.16019661724567413,-1.0,-1.0,0.12403561174869537,0.32492581009864807,0.3700791299343109
fhl_0407_0408,stage_b_fam,44,vis,0e89d6568c75de2c55149b178718ff8789cd8f2a1e43456974fa257750ce9b85,1035,0.11268243938684464,0.31676560640335083,0.061150964349508286,0.11268243938684464,-1.0,-1.0,0.10173095762729645,0.3318496644496918,0.37413451075553894
fhl_0407_0408,stage_b_fam,44,vis_ir,0e89d6568c75de2c55149b178718ff8789cd8f2a1e43456974fa257750ce9b85,1035,0.1052635982632637,0.2966063320636749,0.05871140584349632,0.1052635982632637,-1.0,-1.0,0.10178041458129883,0.30598416924476624,0.37720078229904175
fhl_0407_0408,stage_b_rcra,40,vis_ir,304bb429c36adc87fa4f3512f8eca588fe657792455b8254e2bb1fea0002e2fd,1035,0.24120786786079407,0.5408174395561218,0.17956674098968506,0.24120786786079407,-1.0,-1.0,0.17418397963047028,0.4147873520851135,0.4583580493927002
fhl_0407_0408,stage_b_rcra,41,vis_ir,e3f8e8af6223862f8ffe6ea0015591efd716c019300c7670040f67fad6ba3519,1035,0.15845033526420593,0.40917766094207764,0.0705583393573761,0.15845033526420593,-1.0,-1.0,0.13951532542705536,0.33165183663368225,0.3834817111492157
fhl_0407_0408,stage_b_rcra,42,vis_ir,177bf17ec9f3d77aa90c200e4e2bea899141d3eaa61df63662f3777760258101,1035,0.14858396351337433,0.3942091763019562,0.08274157345294952,0.14858396351337433,-1.0,-1.0,0.12116716057062149,0.34609296917915344,0.40727004408836365
fhl_0407_0408,stage_b_rcra,43,vis_ir,bff3756eca0f76f3df37a5a8b90e5d62dc8ea408e30cb597e5944da40b234a41,1035,0.09231598675251007,0.28768178820610046,0.029060957953333855,0.09231598675251007,-1.0,-1.0,0.09114737808704376,0.28051432967185974,0.35667654871940613
fhl_0407_0408,stage_b_rcra,44,vis_ir,604eb7ee24f2118ff6c850cf168ad3002cdf7d56ada427479ce73d0ea67d7a0e,1035,0.19221259653568268,0.4550074636936188,0.12255201488733292,0.19221259653568268,-1.0,-1.0,0.14698319137096405,0.3711671531200409,0.405341237783432
