acquisition,configuration,seed,fppi_budget,recall,within_collected_support,attained_fppi,threshold,reject_all,tp,fp,checkpoint_sha256
carnation_0025_0026,historical_additive,40,0.1,0.16991218022145857,True,0.09977151561309977,0.2122684270143509,False,890,131,6ba15c08d2687aaf78457fcb14631ecbd793892b33dfec1f451c34a15090b105
carnation_0025_0026,historical_additive,40,0.5,0.3547155402825506,True,0.49961919268849964,0.10957752913236618,False,1858,656,6ba15c08d2687aaf78457fcb14631ecbd793892b33dfec1f451c34a15090b105
carnation_0025_0026,historical_additive,40,1.0,0.4408171057655594,True,1.0,0.08469995856285095,False,2309,1313,6ba15c08d2687aaf78457fcb14631ecbd793892b33dfec1f451c34a15090b105
carnation_0025_0026,historical_additive,41,0.1,0.2256586483390607,True,0.09977151561309977,0.4084120988845825,False,1182,131,f77123085e68ed55bec4ee2c36ef23727e5823238a80f0b4190c351d9d22f4cf
carnation_0025_0026,historical_additive,41,0.5,0.43031691485299733,True,0.49961919268849964,0.15932460129261017,False,2254,656,f77123085e68ed55bec4ee2c36ef23727e5823238a80f0b4190c351d9d22f4cf
carnation_0025_0026,historical_additive,41,1.0,0.4893088965253914,True,1.0,0.11510427296161652,False,2563,1313,f77123085e68ed55bec4ee2c36ef23727e5823238a80f0b4190c351d9d22f4cf
carnation_0025_0026,historical_additive,42,0.1,0.13592974417716686,True,0.09977151561309977,0.26729631423950195,False,712,131,4a944ee64cc1279f2f30124fb882a4bdad62e0f5ac4d73d318cadc9df1002dc7
carnation_0025_0026,historical_additive,42,0.5,0.27128675066819397,True,0.49961919268849964,0.12833240628242493,False,1421,656,4a944ee64cc1279f2f30124fb882a4bdad62e0f5ac4d73d318cadc9df1002dc7
carnation_0025_0026,historical_additive,42,1.0,0.3421153111874761,True,1.0,0.08288193494081497,False,1792,1313,4a944ee64cc1279f2f30124fb882a4bdad62e0f5ac4d73d318cadc9df1002dc7
carnation_0025_0026,historical_additive,43,0.1,0.2367315769377625,True,0.09977151561309977,0.4289257824420929,False,1240,131,65f83dbeab40096434b7d5a80a5af24bd681f6054ade4aa28ea1bd30ddc7f746
carnation_0025_0026,historical_additive,43,0.5,0.45494463535700647,True,0.49961919268849964,0.16102568805217743,False,2383,656,65f83dbeab40096434b7d5a80a5af24bd681f6054ade4aa28ea1bd30ddc7f746
carnation_0025_0026,historical_additive,43,1.0,0.5471554028255059,True,1.0,0.1081087663769722,False,2866,1313,65f83dbeab40096434b7d5a80a5af24bd681f6054ade4aa28ea1bd30ddc7f746
carnation_0025_0026,historical_additive,44,0.1,0.13020236731576937,True,0.09977151561309977,0.3242190480232239,False,682,131,fd46e18899cadec44272723306848d742aba4715474cd3789c6951c8e6afef20
carnation_0025_0026,historical_additive,44,0.5,0.33276059564719357,True,0.49961919268849964,0.13176032900810242,False,1743,656,fd46e18899cadec44272723306848d742aba4715474cd3789c6951c8e6afef20
carnation_0025_0026,historical_additive,44,1.0,0.43432607865597556,True,1.0,0.0750632956624031,False,2275,1313,fd46e18899cadec44272723306848d742aba4715474cd3789c6951c8e6afef20
carnation_0025_0026,historical_fam,40,0.1,0.2796869033982436,True,0.09977151561309977,0.40546563267707825,False,1465,131,c77d749c30ed5872c0c81a96c4d64f9ebf7912208b16c964c2f0405732dda13a
carnation_0025_0026,historical_fam,40,0.5,0.43356242840778925,True,0.49961919268849964,0.15694931149482727,False,2271,656,c77d749c30ed5872c0c81a96c4d64f9ebf7912208b16c964c2f0405732dda13a
carnation_0025_0026,historical_fam,40,1.0,0.49828178694158076,True,1.0,0.11135536432266235,False,2610,1313,c77d749c30ed5872c0c81a96c4d64f9ebf7912208b16c964c2f0405732dda13a
carnation_0025_0026,historical_fam,41,0.1,0.36292478045055365,True,0.09977151561309977,0.3514491021633148,False,1901,131,5fcafd3a5b197456a39bde55b1e1d5a5c1639b5cf4f67bf1ad57dd763e241640
carnation_0025_0026,historical_fam,41,0.5,0.5337915234822451,True,0.49961919268849964,0.1398560106754303,False,2796,656,5fcafd3a5b197456a39bde55b1e1d5a5c1639b5cf4f67bf1ad57dd763e241640
carnation_0025_0026,historical_fam,41,1.0,0.5971744940817105,True,1.0,0.09338859468698502,False,3128,1313,5fcafd3a5b197456a39bde55b1e1d5a5c1639b5cf4f67bf1ad57dd763e241640
carnation_0025_0026,historical_fam,42,0.1,0.22279495990836198,True,0.09977151561309977,0.3167794346809387,False,1167,131,b96ef8496088911d50d03a6061fe625cec8e17b17a4f1245a49b5b43e3703497
carnation_0025_0026,historical_fam,42,0.5,0.4138984345169912,True,0.49961919268849964,0.1500099152326584,False,2168,656,b96ef8496088911d50d03a6061fe625cec8e17b17a4f1245a49b5b43e3703497
carnation_0025_0026,historical_fam,42,1.0,0.4956090110729286,True,1.0,0.10602183640003204,False,2596,1313,b96ef8496088911d50d03a6061fe625cec8e17b17a4f1245a49b5b43e3703497
carnation_0025_0026,historical_fam,43,0.1,0.23100420007636502,True,0.09977151561309977,0.5327661633491516,False,1210,131,f6407afe0d781eb5c227e46611243d67385f1fc06010d4704f51ac5e8d0ac536
carnation_0025_0026,historical_fam,43,0.5,0.5133638793432608,True,0.49961919268849964,0.1912952959537506,False,2689,656,f6407afe0d781eb5c227e46611243d67385f1fc06010d4704f51ac5e8d0ac536
carnation_0025_0026,historical_fam,43,1.0,0.6101565483008782,True,1.0,0.13262228667736053,False,3196,1313,f6407afe0d781eb5c227e46611243d67385f1fc06010d4704f51ac5e8d0ac536
carnation_0025_0026,historical_fam,44,0.1,0.23864070255822833,True,0.09977151561309977,0.21339471638202667,False,1250,131,2fec1971b28c88cfccb2356de81270c5a75a15082daee435a77eaf0694b98e3e
carnation_0025_0026,historical_fam,44,0.5,0.43986254295532645,True,0.49961919268849964,0.08531858026981354,False,2304,656,2fec1971b28c88cfccb2356de81270c5a75a15082daee435a77eaf0694b98e3e
carnation_0025_0026,historical_fam,44,1.0,0.5322642229858725,True,1.0,0.06158965826034546,False,2788,1313,2fec1971b28c88cfccb2356de81270c5a75a15082daee435a77eaf0694b98e3e
fhl_0407_0408,historical_additive,40,0.1,0.12561819980217606,True,0.09951690821256039,0.22124643623828888,False,254,103,6ba15c08d2687aaf78457fcb14631ecbd793892b33dfec1f451c34a15090b105
fhl_0407_0408,historical_additive,40,0.5,0.2626112759643917,True,0.4995169082125604,0.13343670964241028,False,531,517,6ba15c08d2687aaf78457fcb14631ecbd793892b33dfec1f451c34a15090b105
fhl_0407_0408,historical_additive,40,1.0,0.35756676557863504,True,1.0,0.09826156497001648,False,723,1035,6ba15c08d2687aaf78457fcb14631ecbd793892b33dfec1f451c34a15090b105
fhl_0407_0408,historical_additive,41,0.1,0.2032640949554896,True,0.09951690821256039,0.6150162816047668,False,411,103,f77123085e68ed55bec4ee2c36ef23727e5823238a80f0b4190c351d9d22f4cf
fhl_0407_0408,historical_additive,41,0.5,0.466864490603363,True,0.4995169082125604,0.33944153785705566,False,944,517,f77123085e68ed55bec4ee2c36ef23727e5823238a80f0b4190c351d9d22f4cf
fhl_0407_0408,historical_additive,41,1.0,0.5692383778437191,True,1.0,0.2249295711517334,False,1151,1035,f77123085e68ed55bec4ee2c36ef23727e5823238a80f0b4190c351d9d22f4cf
fhl_0407_0408,historical_additive,42,0.1,0.18644906033630068,True,0.09951690821256039,0.29800304770469666,False,377,103,4a944ee64cc1279f2f30124fb882a4bdad62e0f5ac4d73d318cadc9df1002dc7
fhl_0407_0408,historical_additive,42,0.5,0.4218595450049456,True,0.4995169082125604,0.1786569058895111,False,853,517,4a944ee64cc1279f2f30124fb882a4bdad62e0f5ac4d73d318cadc9df1002dc7
fhl_0407_0408,historical_additive,42,1.0,0.536597428288823,True,1.0,0.12031213939189911,False,1085,1035,4a944ee64cc1279f2f30124fb882a4bdad62e0f5ac4d73d318cadc9df1002dc7
fhl_0407_0408,historical_additive,43,0.1,0.22354104846686448,True,0.09951690821256039,0.3498097360134125,False,452,103,65f83dbeab40096434b7d5a80a5af24bd681f6054ade4aa28ea1bd30ddc7f746
fhl_0407_0408,historical_additive,43,0.5,0.4391691394658754,True,0.4995169082125604,0.23322145640850067,False,888,517,65f83dbeab40096434b7d5a80a5af24bd681f6054ade4aa28ea1bd30ddc7f746
fhl_0407_0408,historical_additive,43,1.0,0.5489614243323442,True,1.0,0.17056392133235931,False,1110,1035,65f83dbeab40096434b7d5a80a5af24bd681f6054ade4aa28ea1bd30ddc7f746
fhl_0407_0408,historical_additive,44,0.1,0.0771513353115727,True,0.09951690821256039,0.413994163274765,False,156,103,fd46e18899cadec44272723306848d742aba4715474cd3789c6951c8e6afef20
fhl_0407_0408,historical_additive,44,0.5,0.3115727002967359,True,0.4995169082125604,0.22503910958766937,False,630,517,fd46e18899cadec44272723306848d742aba4715474cd3789c6951c8e6afef20
fhl_0407_0408,historical_additive,44,1.0,0.4391691394658754,True,1.0,0.13380540907382965,False,888,1035,fd46e18899cadec44272723306848d742aba4715474cd3789c6951c8e6afef20
fhl_0407_0408,historical_fam,40,0.1,0.39317507418397624,True,0.09951690821256039,0.4004725217819214,False,795,103,c77d749c30ed5872c0c81a96c4d64f9ebf7912208b16c964c2f0405732dda13a
fhl_0407_0408,historical_fam,40,0.5,0.5949554896142433,True,0.4995169082125604,0.2246701419353485,False,1203,517,c77d749c30ed5872c0c81a96c4d64f9ebf7912208b16c964c2f0405732dda13a
fhl_0407_0408,historical_fam,40,1.0,0.6760633036597429,True,1.0,0.16299018263816833,False,1367,1035,c77d749c30ed5872c0c81a96c4d64f9ebf7912208b16c964c2f0405732dda13a
fhl_0407_0408,historical_fam,41,0.1,0.25865479723046486,True,0.09951690821256039,0.6418392658233643,False,523,103,5fcafd3a5b197456a39bde55b1e1d5a5c1639b5cf4f67bf1ad57dd763e241640
fhl_0407_0408,historical_fam,41,0.5,0.5143422354104846,True,0.4995169082125604,0.33778536319732666,False,1040,517,5fcafd3a5b197456a39bde55b1e1d5a5c1639b5cf4f67bf1ad57dd763e241640
fhl_0407_0408,historical_fam,41,1.0,0.6592482690405539,True,1.0,0.20856575667858124,False,1333,1035,5fcafd3a5b197456a39bde55b1e1d5a5c1639b5cf4f67bf1ad57dd763e241640
fhl_0407_0408,historical_fam,42,0.1,0.24777448071216618,True,0.09951690821256039,0.40393316745758057,False,501,103,b96ef8496088911d50d03a6061fe625cec8e17b17a4f1245a49b5b43e3703497
fhl_0407_0408,historical_fam,42,0.5,0.43867457962413453,True,0.4995169082125604,0.22547940909862518,False,887,517,b96ef8496088911d50d03a6061fe625cec8e17b17a4f1245a49b5b43e3703497
fhl_0407_0408,historical_fam,42,1.0,0.5544015825914935,True,1.0,0.1596975326538086,False,1121,1035,b96ef8496088911d50d03a6061fe625cec8e17b17a4f1245a49b5b43e3703497
fhl_0407_0408,historical_fam,43,0.1,0.2665677546983185,True,0.09951690821256039,0.4931311011314392,False,539,103,f6407afe0d781eb5c227e46611243d67385f1fc06010d4704f51ac5e8d0ac536
fhl_0407_0408,historical_fam,43,0.5,0.5929772502472799,True,0.4995169082125604,0.25061607360839844,False,1199,517,f6407afe0d781eb5c227e46611243d67385f1fc06010d4704f51ac5e8d0ac536
fhl_0407_0408,historical_fam,43,1.0,0.6780415430267063,True,1.0,0.1749541163444519,False,1371,1035,f6407afe0d781eb5c227e46611243d67385f1fc06010d4704f51ac5e8d0ac536
fhl_0407_0408,historical_fam,44,0.1,0.22255192878338279,True,0.09951690821256039,0.2388163059949875,False,450,103,2fec1971b28c88cfccb2356de81270c5a75a15082daee435a77eaf0694b98e3e
fhl_0407_0408,historical_fam,44,0.5,0.5004945598417408,True,0.4995169082125604,0.1321927309036255,False,1012,517,2fec1971b28c88cfccb2356de81270c5a75a15082daee435a77eaf0694b98e3e
fhl_0407_0408,historical_fam,44,1.0,0.5870425321463897,True,1.0,0.0955629050731659,False,1187,1035,2fec1971b28c88cfccb2356de81270c5a75a15082daee435a77eaf0694b98e3e
mterie,historical_additive,40,0.1,0.16836158192090395,True,0.09887005649717515,0.20323967933654785,False,298,70,6ba15c08d2687aaf78457fcb14631ecbd793892b33dfec1f451c34a15090b105
mterie,historical_additive,40,0.5,0.29548022598870055,True,0.5,0.11187417060136795,False,523,354,6ba15c08d2687aaf78457fcb14631ecbd793892b33dfec1f451c34a15090b105
mterie,historical_additive,40,1.0,0.3615819209039548,True,1.0,0.08307144045829773,False,640,708,6ba15c08d2687aaf78457fcb14631ecbd793892b33dfec1f451c34a15090b105
mterie,historical_additive,41,0.1,0.22768361581920904,True,0.09887005649717515,0.4808374345302582,False,403,70,f77123085e68ed55bec4ee2c36ef23727e5823238a80f0b4190c351d9d22f4cf
mterie,historical_additive,41,0.5,0.4480225988700565,True,0.5,0.2685616612434387,False,793,354,f77123085e68ed55bec4ee2c36ef23727e5823238a80f0b4190c351d9d22f4cf
mterie,historical_additive,41,1.0,0.5322033898305085,True,1.0,0.19783657789230347,False,942,708,f77123085e68ed55bec4ee2c36ef23727e5823238a80f0b4190c351d9d22f4cf
mterie,historical_additive,42,0.1,0.14632768361581922,True,0.09887005649717515,0.29839298129081726,False,259,70,4a944ee64cc1279f2f30124fb882a4bdad62e0f5ac4d73d318cadc9df1002dc7
mterie,historical_additive,42,0.5,0.2824858757062147,True,0.5,0.14745482802391052,False,500,354,4a944ee64cc1279f2f30124fb882a4bdad62e0f5ac4d73d318cadc9df1002dc7
mterie,historical_additive,42,1.0,0.39152542372881355,True,1.0,0.09671912342309952,False,693,708,4a944ee64cc1279f2f30124fb882a4bdad62e0f5ac4d73d318cadc9df1002dc7
mterie,historical_additive,43,0.1,0.17175141242937852,True,0.09887005649717515,0.379192054271698,False,304,70,65f83dbeab40096434b7d5a80a5af24bd681f6054ade4aa28ea1bd30ddc7f746
mterie,historical_additive,43,0.5,0.34293785310734465,True,0.5,0.20301857590675354,False,607,354,65f83dbeab40096434b7d5a80a5af24bd681f6054ade4aa28ea1bd30ddc7f746
mterie,historical_additive,43,1.0,0.45254237288135596,True,1.0,0.1421932578086853,False,801,708,65f83dbeab40096434b7d5a80a5af24bd681f6054ade4aa28ea1bd30ddc7f746
mterie,historical_additive,44,0.1,0.09096045197740113,True,0.09887005649717515,0.29007574915885925,False,161,70,fd46e18899cadec44272723306848d742aba4715474cd3789c6951c8e6afef20
mterie,historical_additive,44,0.5,0.26384180790960454,True,0.5,0.13166426122188568,False,467,354,fd46e18899cadec44272723306848d742aba4715474cd3789c6951c8e6afef20
mterie,historical_additive,44,1.0,0.4101694915254237,True,1.0,0.07850780338048935,False,726,708,fd46e18899cadec44272723306848d742aba4715474cd3789c6951c8e6afef20
mterie,historical_fam,40,0.1,0.21468926553672316,True,0.09887005649717515,0.40994492173194885,False,380,70,c77d749c30ed5872c0c81a96c4d64f9ebf7912208b16c964c2f0405732dda13a
mterie,historical_fam,40,0.5,0.4491525423728814,True,0.5,0.20378591120243073,False,795,354,c77d749c30ed5872c0c81a96c4d64f9ebf7912208b16c964c2f0405732dda13a
mterie,historical_fam,40,1.0,0.5548022598870056,True,1.0,0.13829229772090912,False,982,708,c77d749c30ed5872c0c81a96c4d64f9ebf7912208b16c964c2f0405732dda13a
mterie,historical_fam,41,0.1,0.27570621468926554,True,0.09887005649717515,0.49076637625694275,False,488,70,5fcafd3a5b197456a39bde55b1e1d5a5c1639b5cf4f67bf1ad57dd763e241640
mterie,historical_fam,41,0.5,0.5553672316384181,True,0.5,0.23820199072360992,False,983,354,5fcafd3a5b197456a39bde55b1e1d5a5c1639b5cf4f67bf1ad57dd763e241640
mterie,historical_fam,41,1.0,0.6333333333333333,True,1.0,0.16968108713626862,False,1121,708,5fcafd3a5b197456a39bde55b1e1d5a5c1639b5cf4f67bf1ad57dd763e241640
mterie,historical_fam,42,0.1,0.1824858757062147,True,0.09887005649717515,0.28462648391723633,False,323,70,b96ef8496088911d50d03a6061fe625cec8e17b17a4f1245a49b5b43e3703497
mterie,historical_fam,42,0.5,0.30677966101694915,True,0.5,0.1419336348772049,False,543,354,b96ef8496088911d50d03a6061fe625cec8e17b17a4f1245a49b5b43e3703497
mterie,historical_fam,42,1.0,0.41694915254237286,True,1.0,0.09349672496318817,False,738,708,b96ef8496088911d50d03a6061fe625cec8e17b17a4f1245a49b5b43e3703497
mterie,historical_fam,43,0.1,0.21412429378531073,True,0.09887005649717515,0.4213621914386749,False,379,70,f6407afe0d781eb5c227e46611243d67385f1fc06010d4704f51ac5e8d0ac536
mterie,historical_fam,43,0.5,0.4265536723163842,True,0.5,0.21597786247730255,False,755,354,f6407afe0d781eb5c227e46611243d67385f1fc06010d4704f51ac5e8d0ac536
mterie,historical_fam,43,1.0,0.5485875706214689,True,1.0,0.14537769556045532,False,971,708,f6407afe0d781eb5c227e46611243d67385f1fc06010d4704f51ac5e8d0ac536
mterie,historical_fam,44,0.1,0.2214689265536723,True,0.09887005649717515,0.1999499648809433,False,392,70,2fec1971b28c88cfccb2356de81270c5a75a15082daee435a77eaf0694b98e3e
mterie,historical_fam,44,0.5,0.4457627118644068,True,0.5,0.09231314063072205,False,789,354,2fec1971b28c88cfccb2356de81270c5a75a15082daee435a77eaf0694b98e3e
mterie,historical_fam,44,1.0,0.5305084745762711,True,1.0,0.06767044216394424,False,939,708,2fec1971b28c88cfccb2356de81270c5a75a15082daee435a77eaf0694b98e3e
