configuration,seed,confidence_threshold,n_images,n_gt,n_predictions,tp,fp,fn,precision,recall,fp_per_image,no_prediction_fraction,empty_frame_fp_fraction,nonempty_miss_frame_fraction,mean_matched_iou,small_recall,medium_recall,large_recall
additive,40,0.01,708,1770,40673,1313,39360,457,0.03228185774346618,0.7418079096045198,55.59322033898305,0.0,1.0,0.46879535558780844,0.6732085820617758,0.6960716747070985,0.946843853820598,1.0
additive,40,0.05,708,1770,3122,846,2276,924,0.2709801409352979,0.47796610169491527,3.214689265536723,0.09463276836158192,0.7894736842105263,0.7082728592162555,0.6865743226256634,0.3838731909028256,0.9036544850498339,0.9444444444444444
additive,40,0.1,708,1770,1020,572,448,1198,0.5607843137254902,0.3231638418079096,0.632768361581921,0.2937853107344633,0.10526315789473684,0.7982583454281568,0.7035570588968235,0.20537560303239144,0.8571428571428571,0.8888888888888888
additive,40,0.25,708,1770,272,239,33,1531,0.8786764705882353,0.13502824858757062,0.046610169491525424,0.692090395480226,0.0,0.895500725689405,0.7670261584030483,0.026878015161957272,0.6345514950166113,0.5
additive,40,0.5,708,1770,139,139,0,1631,1.0,0.07853107344632769,0.0,0.8163841807909604,0.0,0.9506531204644412,0.8012676765739978,0.0027567195037904893,0.42524916943521596,0.3888888888888889
additive,41,0.01,708,1770,53350,1411,51939,359,0.026447985004686037,0.7971751412429379,73.36016949152543,0.0,1.0,0.41219158200290273,0.6778532343762272,0.7622329427980703,0.9568106312292359,0.9444444444444444
additive,41,0.05,708,1770,8166,1282,6884,488,0.15699240754347293,0.7242937853107345,9.72316384180791,0.02824858757062147,0.8421052631578947,0.5239477503628447,0.6759339247008921,0.6774638180565128,0.9401993355481728,0.8888888888888888
additive,41,0.1,708,1770,3479,1181,2298,589,0.33946536361023283,0.6672316384180791,3.2457627118644066,0.11016949152542373,0.47368421052631576,0.6052249637155298,0.678661172781649,0.611302549965541,0.9235880398671097,0.8888888888888888
additive,41,0.25,708,1770,1259,833,426,937,0.6616362192216044,0.47062146892655365,0.6016949152542372,0.20480225988700565,0.10526315789473684,0.7692307692307693,0.6869660824278132,0.38662991040661615,0.8604651162790697,0.7222222222222222
additive,41,0.5,708,1770,436,377,59,1393,0.8646788990825688,0.21299435028248587,0.08333333333333333,0.536723163841808,0.05263157894736842,0.8592162554426706,0.7320178334252282,0.1082012405237767,0.7009966777408638,0.5
additive,42,0.01,708,1770,23317,1300,22017,470,0.0557533130334091,0.7344632768361582,31.097457627118644,0.00423728813559322,0.8421052631578947,0.5065312046444121,0.6725059627281293,0.687801516195727,0.9435215946843853,1.0
additive,42,0.05,708,1770,2976,959,2017,811,0.322244623655914,0.5418079096045197,2.848870056497175,0.10875706214689265,0.3157894736842105,0.6966618287373004,0.6774929621078919,0.4665747760165403,0.8803986710963455,0.9444444444444444
additive,42,0.1,708,1770,1329,675,654,1095,0.5079006772009029,0.3813559322033898,0.923728813559322,0.22033898305084745,0.15789473684210525,0.772133526850508,0.6907942623147987,0.2839421088904204,0.8205980066445183,0.8888888888888888
additive,42,0.25,708,1770,427,309,118,1461,0.7236533957845434,0.17457627118644067,0.16666666666666666,0.5805084745762712,0.0,0.8867924528301887,0.738187482073159,0.06340454858718125,0.6810631229235881,0.6666666666666666
additive,42,0.5,708,1770,182,164,18,1606,0.9010989010989011,0.09265536723163842,0.025423728813559324,0.768361581920904,0.0,0.9462989840348331,0.7671908725944045,0.006202618883528601,0.4850498338870432,0.5
additive,43,0.01,708,1770,50317,1486,48831,284,0.02953276228709979,0.8395480225988701,68.97033898305085,0.0,1.0,0.3367198838896952,0.6830344104885175,0.8104755341144039,0.9700996677740864,1.0
additive,43,0.05,708,1770,5794,1248,4546,522,0.21539523645150155,0.7050847457627119,6.4209039548022595,0.02401129943502825,0.7368421052631579,0.5283018867924528,0.682480506648178,0.6505858028945555,0.9501661129568106,1.0
additive,43,0.1,708,1770,2446,1017,1429,753,0.4157808667211774,0.5745762711864407,2.018361581920904,0.1271186440677966,0.3157894736842105,0.6473149492017417,0.6891927792063297,0.4941419710544452,0.9401993355481728,0.9444444444444444
additive,43,0.25,708,1770,707,492,215,1278,0.695898161244696,0.27796610169491526,0.3036723163841808,0.4350282485875706,0.10526315789473684,0.7982583454281568,0.7223809192300362,0.1481736733287388,0.867109634551495,0.8888888888888888
additive,43,0.5,708,1770,259,240,19,1530,0.9266409266409267,0.13559322033898305,0.026836158192090395,0.711864406779661,0.0,0.872278664731495,0.7529609758889895,0.00895933838731909,0.7043189368770764,0.8333333333333334
additive,44,0.01,708,1770,19699,1284,18415,486,0.06518097365348495,0.7254237288135593,26.009887005649716,0.002824858757062147,1.0,0.5297532656023222,0.6699307243971351,0.6905582356995176,0.8837209302325582,0.8888888888888888
additive,44,0.05,708,1770,2341,915,1426,855,0.39085860743272105,0.5169491525423728,2.0141242937853105,0.14548022598870056,0.15789473684210525,0.7808417997097242,0.6722936992544118,0.4720882150241213,0.7308970099667774,0.5555555555555556
additive,44,0.1,708,1770,1137,610,527,1160,0.5364995602462621,0.3446327683615819,0.7443502824858758,0.2740112994350282,0.05263157894736842,0.9100145137880987,0.680888929219681,0.3018607856650586,0.5448504983388704,0.4444444444444444
additive,44,0.25,708,1770,289,198,91,1572,0.6851211072664359,0.11186440677966102,0.1285310734463277,0.6666666666666666,0.0,0.9912917271407837,0.7184765555882039,0.0647829083390765,0.3222591362126246,0.3888888888888889
additive,44,0.5,708,1770,49,43,6,1727,0.8775510204081632,0.024293785310734464,0.00847457627118644,0.9307909604519774,0.0,1.0,0.7749588518961215,0.0013783597518952446,0.132890365448505,0.05555555555555555
fam,40,0.01,708,1770,45984,1486,44498,284,0.03231558803061935,0.8395480225988701,62.85028248587571,0.0,1.0,0.33236574746008707,0.6843412210983852,0.8111647139903515,0.9700996677740864,0.9444444444444444
fam,40,0.05,708,1770,4869,1255,3614,515,0.25775313205997125,0.7090395480225988,5.104519774011299,0.08050847457627118,0.42105263157894735,0.5312046444121916,0.6796115242698022,0.656788421778084,0.946843853820598,0.9444444444444444
fam,40,0.1,708,1770,2344,1081,1263,689,0.4611774744027304,0.6107344632768361,1.7838983050847457,0.1596045197740113,0.10526315789473684,0.6197387518142236,0.6841656021247202,0.538249483115093,0.9401993355481728,0.9444444444444444
fam,40,0.25,708,1770,909,677,232,1093,0.7447744774477447,0.3824858757062147,0.327683615819209,0.307909604519774,0.0,0.7648766328011611,0.7095957822406772,0.2694693314955203,0.8970099667774086,0.8888888888888888
fam,40,0.5,708,1770,313,289,24,1481,0.9233226837060703,0.16327683615819208,0.03389830508474576,0.6610169491525424,0.0,0.8606676342525399,0.758130275563921,0.03859407305306685,0.7275747508305648,0.7777777777777778
fam,41,0.01,708,1770,51540,1471,50069,299,0.02854093907644548,0.8310734463276837,70.71892655367232,0.0,1.0,0.3613933236574746,0.687051457115176,0.7987594762232942,0.9767441860465116,1.0
fam,41,0.05,708,1770,6622,1338,5284,432,0.20205376019329507,0.7559322033898305,7.463276836158192,0.03954802259887006,0.5789473684210527,0.48911465892597966,0.6813954647698032,0.7139903514817367,0.946843853820598,0.9444444444444444
fam,41,0.1,708,1770,2970,1244,1726,526,0.41885521885521887,0.7028248587570621,2.437853107344633,0.10310734463276836,0.21052631578947367,0.5616835994194485,0.6812008116109168,0.653342522398346,0.9269102990033222,0.9444444444444444
fam,41,0.25,708,1770,1276,953,323,817,0.7468652037617555,0.5384180790960452,0.4562146892655367,0.19491525423728814,0.05263157894736842,0.7184325108853411,0.6906415570601664,0.456237077877326,0.9102990033222591,0.9444444444444444
fam,41,0.5,708,1770,540,473,67,1297,0.8759259259259259,0.2672316384180791,0.09463276836158192,0.4406779661016949,0.0,0.8345428156748912,0.7273275773369189,0.15299793246037216,0.7873754152823921,0.7777777777777778
fam,42,0.01,708,1770,25971,1340,24631,430,0.05159601093527396,0.7570621468926554,34.78954802259887,0.0,1.0,0.46008708272859217,0.6869575863297499,0.7084769124741558,0.9767441860465116,1.0
fam,42,0.05,708,1770,2898,913,1985,857,0.3150448585231194,0.515819209039548,2.803672316384181,0.1115819209039548,0.47368421052631576,0.6647314949201741,0.7022258462034998,0.41902136457615435,0.9534883720930233,1.0
fam,42,0.1,708,1770,1335,704,631,1066,0.5273408239700375,0.3977401129943503,0.8912429378531074,0.2401129943502825,0.10526315789473684,0.7111756168359942,0.7169465353789616,0.27842866988283943,0.9401993355481728,0.9444444444444444
fam,42,0.25,708,1770,473,359,114,1411,0.758985200845666,0.20282485875706216,0.16101694915254236,0.577683615819209,0.0,0.8098693759071117,0.7615660112629098,0.06616126809097174,0.8338870431893688,0.6666666666666666
fam,42,0.5,708,1770,212,206,6,1564,0.9716981132075472,0.11638418079096045,0.00847457627118644,0.7471751412429378,0.0,0.9158200290275762,0.7862040559564225,0.015851137146795313,0.5780730897009967,0.5
fam,43,0.01,708,1770,28502,1414,27088,356,0.04961055364535822,0.7988700564971751,38.259887005649716,0.0,1.0,0.4296081277213353,0.6899626252291465,0.7615437629221227,0.9667774086378738,1.0
fam,43,0.05,708,1770,4426,1230,3196,540,0.2779032986895617,0.6949152542372882,4.5141242937853105,0.1285310734463277,0.15789473684210525,0.5732946298984035,0.6847766672979348,0.6395589248793935,0.9435215946843853,1.0
fam,43,0.1,708,1770,2298,1096,1202,674,0.47693646649260224,0.6192090395480226,1.6977401129943503,0.1596045197740113,0.05263157894736842,0.6415094339622641,0.6872849382622366,0.549276361130255,0.9335548172757475,1.0
fam,43,0.25,708,1770,936,662,274,1108,0.7072649572649573,0.37401129943502825,0.3870056497175141,0.2895480225988701,0.0,0.7764876632801161,0.7098894403671278,0.25982081323225364,0.8870431893687708,1.0
fam,43,0.5,708,1770,334,302,32,1468,0.9041916167664671,0.17062146892655367,0.04519774011299435,0.6257062146892656,0.0,0.8679245283018868,0.7514787709640042,0.05031013094417643,0.717607973421927,0.7222222222222222
fam,44,0.01,708,1770,23707,1408,22299,362,0.059391740836039986,0.7954802259887006,31.49576271186441,0.0,1.0,0.420899854862119,0.6876625941297388,0.757408683666437,0.9667774086378738,1.0
fam,44,0.05,708,1770,2323,1051,1272,719,0.4524321997417133,0.5937853107344633,1.7966101694915255,0.0847457627118644,0.5789473684210527,0.6589259796806967,0.69221570088814,0.5168849069607168,0.9435215946843853,0.9444444444444444
fam,44,0.1,708,1770,1051,749,302,1021,0.7126546146527117,0.4231638418079096,0.4265536723163842,0.22033898305084745,0.21052631578947367,0.7431059506531205,0.704621140734431,0.31013094417643006,0.9368770764119602,0.9444444444444444
fam,44,0.25,708,1770,329,296,33,1474,0.8996960486322189,0.1672316384180791,0.046610169491525424,0.6468926553672316,0.05263157894736842,0.8592162554426706,0.7555062159582068,0.04548587181254307,0.7275747508305648,0.6111111111111112
fam,44,0.5,708,1770,170,170,0,1600,1.0,0.096045197740113,0.0,0.8022598870056498,0.0,0.9158200290275762,0.7942817830688207,0.002067539627842867,0.5282392026578073,0.4444444444444444
